season,position,team,played,won,drawn,lost,goals_for,goals_against,goal_difference,points,points_deducted,outcome
1992–93,1,Manchester United,42,24,12,6,67,31,36,84,0,Qualification for the Champions League first round
1992–93,2,Aston Villa,42,21,11,10,57,40,17,74,0,Qualification for the UEFA Cup first round
1992–93,3,Norwich City,42,21,9,12,61,65,-4,72,0,Qualification for the UEFA Cup first round
1992–93,4,Blackburn Rovers,42,20,11,11,68,46,22,71,0,
1992–93,5,Queens Park Rangers,42,17,12,13,63,55,8,63,0,
1992–93,6,Liverpool,42,16,11,15,62,55,7,59,0,
1992–93,7,Sheffield Wednesday,42,15,14,13,55,51,4,59,0,
1992–93,8,Tottenham Hotspur,42,16,11,15,60,66,-6,59,0,
1992–93,9,Manchester City,42,15,12,15,56,51,5,57,0,
1992–93,10,Arsenal,42,15,11,16,40,38,2,56,0,Qualification for the Cup Winners' Cup first round
1992–93,11,Chelsea,42,14,14,14,51,54,-3,56,0,
1992–93,12,Wimbledon,42,14,12,16,56,55,1,54,0,
1992–93,13,Everton,42,15,8,19,53,55,-2,53,0,
1992–93,14,Sheffield United,42,14,10,18,54,53,1,52,0,
1992–93,15,Coventry City,42,13,13,16,52,57,-5,52,0,
1992–93,16,Ipswich Town,42,12,16,14,50,55,-5,52,0,
1992–93,17,Leeds United,42,12,15,15,57,62,-5,51,0,
1992–93,18,Southampton,42,13,11,18,54,61,-7,50,0,
1992–93,19,Oldham Athletic,42,13,10,19,63,74,-11,49,0,
1992–93,20,Crystal Palace,42,11,16,15,48,61,-13,49,0,Relegation to Football League First Division
1992–93,21,Middlesbrough,42,11,11,20,54,75,-21,44,0,Relegation to Football League First Division
1992–93,22,Nottingham Forest,42,10,10,22,41,62,-21,40,0,Relegation to Football League First Division
1993–94,1,Manchester United,42,27,11,4,80,38,42,92,0,Qualification for the Champions League group stage
1993–94,2,Blackburn Rovers,42,25,9,8,63,36,27,84,0,Qualification for the UEFA Cup first round
1993–94,3,Newcastle United,42,23,8,11,82,41,41,77,0,Qualification for the UEFA Cup first round
1993–94,4,Arsenal,42,18,17,7,53,28,25,71,0,Qualification for the Cup Winners' Cup first round
1993–94,5,Leeds United,42,18,16,8,65,39,26,70,0,
1993–94,6,Wimbledon,42,18,11,13,56,53,3,65,0,
1993–94,7,Sheffield Wednesday,42,16,16,10,76,54,22,64,0,
1993–94,8,Liverpool,42,17,9,16,59,55,4,60,0,
1993–94,9,Queens Park Rangers,42,16,12,14,62,61,1,60,0,
1993–94,10,Aston Villa,42,15,12,15,46,50,-4,57,0,Qualification for the UEFA Cup first round
1993–94,11,Coventry City,42,14,14,14,43,45,-2,56,0,
1993–94,12,Norwich City,42,12,17,13,65,61,4,53,0,
1993–94,13,West Ham United,42,13,13,16,47,58,-11,52,0,
1993–94,14,Chelsea,42,13,12,17,49,53,-4,51,0,Qualification for the Cup Winners' Cup first round
1993–94,15,Tottenham Hotspur,42,11,12,19,54,59,-5,45,0,
1993–94,16,Manchester City,42,9,18,15,38,49,-11,45,0,
1993–94,17,Everton,42,12,8,22,42,63,-21,44,0,
1993–94,18,Southampton,42,12,7,23,49,66,-17,43,0,
1993–94,19,Ipswich Town,42,9,16,17,35,58,-23,43,0,
1993–94,20,Sheffield United,42,8,18,16,42,60,-18,42,0,Relegation to Football League First Division
1993–94,21,Oldham Athletic,42,9,13,20,42,68,-26,40,0,Relegation to Football League First Division
1993–94,22,Swindon Town,42,5,15,22,47,100,-53,30,0,Relegation to Football League First Division
1994–95,1,Blackburn Rovers,42,27,8,7,80,39,41,89,0,Qualification for the Champions League group stage
1994–95,2,Manchester United,42,26,10,6,77,28,49,88,0,Qualification for the UEFA Cup first round
1994–95,3,Nottingham Forest,42,22,11,9,72,43,29,77,0,Qualification for the UEFA Cup first round
1994–95,4,Liverpool,42,21,11,10,65,37,28,74,0,Qualification for the UEFA Cup first round
1994–95,5,Leeds United,42,20,13,9,59,38,21,73,0,Qualification for the UEFA Cup first round
1994–95,6,Newcastle United,42,20,12,10,67,47,20,72,0,
1994–95,7,Tottenham Hotspur,42,16,14,12,66,58,8,62,0,Qualification for the Intertoto Cup group stage
1994–95,8,Queens Park Rangers,42,17,9,16,61,59,2,60,0,
1994–95,9,Wimbledon,42,15,11,16,48,65,-17,56,0,Qualification for the Intertoto Cup group stage
1994–95,10,Southampton,42,12,18,12,61,63,-2,54,0,
1994–95,11,Chelsea,42,13,15,14,50,55,-5,54,0,
1994–95,12,Arsenal,42,13,12,17,52,49,3,51,0,
1994–95,13,Sheffield Wednesday,42,13,12,17,49,57,-8,51,0,Qualification for the Intertoto Cup group stage
1994–95,14,West Ham United,42,13,11,18,44,48,-4,50,0,
1994–95,15,Everton,42,11,17,14,44,51,-7,50,0,Qualification for the Cup Winners' Cup first round
1994–95,16,Coventry City,42,12,14,16,44,62,-18,50,0,
1994–95,17,Manchester City,42,12,13,17,53,64,-11,49,0,
1994–95,18,Aston Villa,42,11,15,16,51,56,-5,48,0,
1994–95,19,Crystal Palace,42,11,12,19,34,49,-15,45,0,Relegation to Football League First Division
1994–95,20,Norwich City,42,10,13,19,37,54,-17,43,0,Relegation to Football League First Division
1994–95,21,Leicester City,42,6,11,25,45,80,-35,29,0,Relegation to Football League First Division
1994–95,22,Ipswich Town,42,7,6,29,36,93,-57,27,0,Relegation to Football League First Division
1995–96,1,Manchester United,38,25,7,6,73,35,38,82,0,Qualification for the Champions League group stage
1995–96,2,Newcastle United,38,24,6,8,66,37,29,78,0,Qualification for the UEFA Cup first round
1995–96,3,Liverpool,38,20,11,7,70,34,36,71,0,Qualification for the Cup Winners' Cup first round
1995–96,4,Aston Villa,38,18,9,11,52,35,17,63,0,Qualification for the UEFA Cup first round
1995–96,5,Arsenal,38,17,12,9,49,32,17,63,0,Qualification for the UEFA Cup first round
1995–96,6,Everton,38,17,10,11,64,44,20,61,0,Excluded from the UEFA Cup
1995–96,7,Blackburn Rovers,38,18,7,13,61,47,14,61,0,
1995–96,8,Tottenham Hotspur,38,16,13,9,50,38,12,61,0,
1995–96,9,Nottingham Forest,38,15,13,10,50,54,-4,58,0,
1995–96,10,West Ham United,38,14,9,15,43,52,-9,51,0,
1995–96,11,Chelsea,38,12,14,12,46,44,2,50,0,
1995–96,12,Middlesbrough,38,11,10,17,35,50,-15,43,0,
1995–96,13,Leeds United,38,12,7,19,40,57,-17,43,0,
1995–96,14,Wimbledon,38,10,11,17,55,70,-15,41,0,
1995–96,15,Sheffield Wednesday,38,10,10,18,48,61,-13,40,0,
1995–96,16,Coventry City,38,8,14,16,42,60,-18,38,0,
1995–96,17,Southampton,38,9,11,18,34,52,-18,38,0,
1995–96,18,Manchester City,38,9,11,18,33,58,-25,38,0,Relegation to Football League First Division
1995–96,19,Queens Park Rangers,38,9,6,23,38,57,-19,33,0,Relegation to Football League First Division
1995–96,20,Bolton Wanderers,38,8,5,25,39,71,-32,29,0,Relegation to Football League First Division
1996–97,1,Manchester United,38,21,12,5,76,44,32,75,0,Qualification for the Champions League group stage
1996–97,2,Newcastle United,38,19,11,8,73,40,33,68,0,Qualification for the Champions League second qualifying round
1996–97,3,Arsenal,38,19,11,8,62,32,30,68,0,Qualification for the UEFA Cup first round
1996–97,4,Liverpool,38,19,11,8,62,37,25,68,0,Qualification for the UEFA Cup first round
1996–97,5,Aston Villa,38,17,10,11,47,34,13,61,0,Qualification for the UEFA Cup first round
1996–97,6,Chelsea,38,16,11,11,58,55,3,59,0,Qualification for the Cup Winners' Cup first round
1996–97,7,Sheffield Wednesday,38,14,15,9,50,51,-1,57,0,
1996–97,8,Wimbledon,38,15,11,12,49,46,3,56,0,
1996–97,9,Leicester City,38,12,11,15,46,54,-8,47,0,Qualification for the UEFA Cup first round
1996–97,10,Tottenham Hotspur,38,13,7,18,44,51,-7,46,0,
1996–97,11,Leeds United,38,11,13,14,28,38,-10,46,0,
1996–97,12,Derby County,38,11,13,14,45,58,-13,46,0,
1996–97,13,Blackburn Rovers,38,9,15,14,42,43,-1,42,0,
1996–97,14,West Ham United,38,10,12,16,39,48,-9,42,0,
1996–97,15,Everton,38,10,12,16,44,57,-13,42,0,
1996–97,16,Southampton,38,10,11,17,50,56,-6,41,0,
1996–97,17,Coventry City,38,9,14,15,38,54,-16,41,0,
1996–97,18,Sunderland,38,10,10,18,35,53,-18,40,0,Relegation to the Football League First Division
1996–97,19,Middlesbrough,38,10,12,16,51,60,-9,39,3,Relegation to the Football League First Division
1996–97,20,Nottingham Forest,38,6,16,16,31,59,-28,34,0,Relegation to the Football League First Division
1997–98,1,Arsenal,38,23,9,6,68,33,35,78,0,Qualification for the Champions League group stage
1997–98,2,Manchester United,38,23,8,7,73,26,47,77,0,Qualification for the Champions League second qualifying round
1997–98,3,Liverpool,38,18,11,9,68,42,26,65,0,Qualification for the UEFA Cup first round
1997–98,4,Chelsea,38,20,3,15,71,43,28,63,0,Qualification for the Cup Winners' Cup first round
1997–98,5,Leeds United,38,17,8,13,57,46,11,59,0,Qualification for the UEFA Cup first round
1997–98,6,Blackburn Rovers,38,16,10,12,57,52,5,58,0,Qualification for the UEFA Cup first round
1997–98,7,Aston Villa,38,17,6,15,49,48,1,57,0,Qualification for the UEFA Cup first round
1997–98,8,West Ham United,38,16,8,14,56,57,-1,56,0,
1997–98,9,Derby County,38,16,7,15,52,49,3,55,0,
1997–98,10,Leicester City,38,13,14,11,51,41,10,53,0,
1997–98,11,Coventry City,38,12,16,10,46,44,2,52,0,
1997–98,12,Southampton,38,14,6,18,50,55,-5,48,0,
1997–98,13,Newcastle United,38,11,11,16,35,44,-9,44,0,Qualification for the Cup Winners' Cup first round
1997–98,14,Tottenham Hotspur,38,11,11,16,44,56,-12,44,0,
1997–98,15,Wimbledon,38,10,14,14,34,46,-12,44,0,
1997–98,16,Sheffield Wednesday,38,12,8,18,52,67,-15,44,0,
1997–98,17,Everton,38,9,13,16,41,56,-15,40,0,
1997–98,18,Bolton Wanderers,38,9,13,16,41,61,-20,40,0,Relegation to the Football League First Division
1997–98,19,Barnsley,38,10,5,23,37,82,-45,35,0,Relegation to the Football League First Division
1997–98,20,Crystal Palace,38,8,9,21,37,71,-34,33,0,Intertoto Cup third round and relegation to the First Division
1998–99,1,Manchester United,38,22,13,3,80,37,43,79,0,Qualification for the Champions League first group stage
1998–99,2,Arsenal,38,22,12,4,59,17,42,78,0,Qualification for the Champions League first group stage
1998–99,3,Chelsea,38,20,15,3,57,30,27,75,0,Qualification for the Champions League third qualifying round
1998–99,4,Leeds United,38,18,13,7,62,34,28,67,0,Qualification for the UEFA Cup first round
1998–99,5,West Ham United,38,16,9,13,46,53,-7,57,0,Qualification for the Intertoto Cup third round
1998–99,6,Aston Villa,38,15,10,13,51,46,5,55,0,
1998–99,7,Liverpool,38,15,9,14,68,49,19,54,0,
1998–99,8,Derby County,38,13,13,12,40,45,-5,52,0,
1998–99,9,Middlesbrough,38,12,15,11,48,54,-6,51,0,
1998–99,10,Leicester City,38,12,13,13,40,46,-6,49,0,
1998–99,11,Tottenham Hotspur,38,11,14,13,47,50,-3,47,0,Qualification for the UEFA Cup first round
1998–99,12,Sheffield Wednesday,38,13,7,18,41,42,-1,46,0,
1998–99,13,Newcastle United,38,11,13,14,48,54,-6,46,0,Qualification for the UEFA Cup first round
1998–99,14,Everton,38,11,10,17,42,47,-5,43,0,
1998–99,15,Coventry City,38,11,9,18,39,51,-12,42,0,
1998–99,16,Wimbledon,38,10,12,16,40,63,-23,42,0,
1998–99,17,Southampton,38,11,8,19,37,64,-27,41,0,
1998–99,18,Charlton Athletic,38,8,12,18,41,56,-15,36,0,Relegation to Football League First Division
1998–99,19,Blackburn Rovers,38,7,14,17,38,52,-14,35,0,Relegation to Football League First Division
1998–99,20,Nottingham Forest,38,7,9,22,35,69,-34,30,0,Relegation to Football League First Division
1999–2000,1,Manchester United,38,28,7,3,97,45,52,91,0,Qualification for the Champions League first group stage
1999–2000,2,Arsenal,38,22,7,9,73,43,30,73,0,Qualification for the Champions League first group stage
1999–2000,3,Leeds United,38,21,6,11,58,43,15,69,0,Qualification for the Champions League third qualifying round
1999–2000,4,Liverpool,38,19,10,9,51,30,21,67,0,Qualification for the UEFA Cup first round
1999–2000,5,Chelsea,38,18,11,9,53,34,19,65,0,Qualification for the UEFA Cup first round
1999–2000,6,Aston Villa,38,15,13,10,46,35,11,58,0,Qualification for the Intertoto Cup third round
1999–2000,7,Sunderland,38,16,10,12,57,56,1,58,0,
1999–2000,8,Leicester City,38,16,7,15,55,55,0,55,0,Qualification for the UEFA Cup first round
1999–2000,9,West Ham United,38,15,10,13,52,53,-1,55,0,
1999–2000,10,Tottenham Hotspur,38,15,8,15,57,49,8,53,0,
1999–2000,11,Newcastle United,38,14,10,14,63,54,9,52,0,
1999–2000,12,Middlesbrough,38,14,10,14,46,52,-6,52,0,
1999–2000,13,Everton,38,12,14,12,59,49,10,50,0,
1999–2000,14,Coventry City,38,12,8,18,47,54,-7,44,0,
1999–2000,15,Southampton,38,12,8,18,45,62,-17,44,0,
1999–2000,16,Derby County,38,9,11,18,44,57,-13,38,0,
1999–2000,17,Bradford City,38,9,9,20,38,68,-30,36,0,Qualification for the Intertoto Cup second round
1999–2000,18,Wimbledon,38,7,12,19,46,74,-28,33,0,Relegation to the Football League First Division
1999–2000,19,Sheffield Wednesday,38,8,7,23,38,70,-32,31,0,Relegation to the Football League First Division
1999–2000,20,Watford,38,6,6,26,35,77,-42,24,0,Relegation to the Football League First Division
2000–01,1,Manchester United,38,24,8,6,79,31,48,80,0,Qualification for the Champions League first group stage
2000–01,2,Arsenal,38,20,10,8,63,38,25,70,0,Qualification for the Champions League first group stage
2000–01,3,Liverpool,38,20,9,9,71,39,32,69,0,Qualification for the Champions League third qualifying round
2000–01,4,Leeds United,38,20,8,10,64,43,21,68,0,Qualification for the UEFA Cup first round
2000–01,5,Ipswich Town,38,20,6,12,57,42,15,66,0,Qualification for the UEFA Cup first round
2000–01,6,Chelsea,38,17,10,11,68,45,23,61,0,Qualification for the UEFA Cup first round
2000–01,7,Sunderland,38,15,12,11,46,41,5,57,0,
2000–01,8,Aston Villa,38,13,15,10,46,43,3,54,0,Qualification for the Intertoto Cup third round
2000–01,9,Charlton Athletic,38,14,10,14,50,57,-7,52,0,
2000–01,10,Southampton,38,14,10,14,40,48,-8,52,0,
2000–01,11,Newcastle United,38,14,9,15,44,50,-6,51,0,Qualification for the Intertoto Cup third round
2000–01,12,Tottenham Hotspur,38,13,10,15,47,54,-7,49,0,
2000–01,13,Leicester City,38,14,6,18,39,51,-12,48,0,
2000–01,14,Middlesbrough,38,9,15,14,44,44,0,42,0,
2000–01,15,West Ham United,38,10,12,16,45,50,-5,42,0,
2000–01,16,Everton,38,11,9,18,45,59,-14,42,0,
2000–01,17,Derby County,38,10,12,16,37,59,-22,42,0,
2000–01,18,Manchester City,38,8,10,20,41,65,-24,34,0,Relegation to the Football League First Division
2000–01,19,Coventry City,38,8,10,20,36,63,-27,34,0,Relegation to the Football League First Division
2000–01,20,Bradford City,38,5,11,22,30,70,-40,26,0,Relegation to the Football League First Division
2001–02,1,Arsenal,38,26,9,3,79,36,43,87,0,Qualification for the Champions League first group stage
2001–02,2,Liverpool,38,24,8,6,67,30,37,80,0,Qualification for the Champions League first group stage
2001–02,3,Manchester United,38,24,5,9,87,45,42,77,0,Qualification for the Champions League third qualifying round
2001–02,4,Newcastle United,38,21,8,9,74,52,22,71,0,Qualification for the Champions League third qualifying round
2001–02,5,Leeds United,38,18,12,8,53,37,16,66,0,Qualification for the UEFA Cup first round
2001–02,6,Chelsea,38,17,13,8,66,38,28,64,0,Qualification for the UEFA Cup first round
2001–02,7,West Ham United,38,15,8,15,48,57,-9,53,0,
2001–02,8,Aston Villa,38,12,14,12,46,47,-1,50,0,Qualification for the Intertoto Cup third round
2001–02,9,Tottenham Hotspur,38,14,8,16,49,53,-4,50,0,
2001–02,10,Blackburn Rovers,38,12,10,16,55,51,4,46,0,Qualification for the UEFA Cup first round
2001–02,11,Southampton,38,12,9,17,46,54,-8,45,0,
2001–02,12,Middlesbrough,38,12,9,17,35,47,-12,45,0,
2001–02,13,Fulham,38,10,14,14,36,44,-8,44,0,Qualification for the Intertoto Cup second round
2001–02,14,Charlton Athletic,38,10,14,14,38,49,-11,44,0,
2001–02,15,Everton,38,11,10,17,45,57,-12,43,0,
2001–02,16,Bolton Wanderers,38,9,13,16,44,62,-18,40,0,
2001–02,17,Sunderland,38,10,10,18,29,51,-22,40,0,
2001–02,18,Ipswich Town,38,9,9,20,41,64,-23,36,0,UEFA Cup QR and relegation to the First Division
2001–02,19,Derby County,38,8,6,24,33,63,-30,30,0,Relegation to the Football League First Division
2001–02,20,Leicester City,38,5,13,20,30,64,-34,28,0,Relegation to the Football League First Division
2002–03,1,Manchester United,38,25,8,5,74,34,40,83,0,Qualification for the Champions League group stage
2002–03,2,Arsenal,38,23,9,6,85,42,43,78,0,Qualification for the Champions League group stage
2002–03,3,Newcastle United,38,21,6,11,63,48,15,69,0,Qualification for the Champions League third qualifying round
2002–03,4,Chelsea,38,19,10,9,68,38,30,67,0,Qualification for the Champions League third qualifying round
2002–03,5,Liverpool,38,18,10,10,61,41,20,64,0,Qualification for the UEFA Cup first round
2002–03,6,Blackburn Rovers,38,16,12,10,52,43,9,60,0,Qualification for the UEFA Cup first round
2002–03,7,Everton,38,17,8,13,48,49,-1,59,0,
2002–03,8,Southampton,38,13,13,12,43,46,-3,52,0,Qualification for the UEFA Cup first round
2002–03,9,Manchester City,38,15,6,17,47,54,-7,51,0,Qualification for the UEFA Cup qualifying round
2002–03,10,Tottenham Hotspur,38,14,8,16,51,62,-11,50,0,
2002–03,11,Middlesbrough,38,13,10,15,48,44,4,49,0,
2002–03,12,Charlton Athletic,38,14,7,17,45,56,-11,49,0,
2002–03,13,Birmingham City,38,13,9,16,41,49,-8,48,0,
2002–03,14,Fulham,38,13,9,16,41,50,-9,48,0,
2002–03,15,Leeds United,38,14,5,19,58,57,1,47,0,
2002–03,16,Aston Villa,38,12,9,17,42,47,-5,45,0,
2002–03,17,Bolton Wanderers,38,10,14,14,41,51,-10,44,0,
2002–03,18,West Ham United,38,10,12,16,42,59,-17,42,0,Relegation to Football League First Division
2002–03,19,West Bromwich Albion,38,6,8,24,29,65,-36,26,0,Relegation to Football League First Division
2002–03,20,Sunderland,38,4,7,27,21,65,-44,19,0,Relegation to Football League First Division
2003–04,1,Arsenal,38,26,12,0,73,26,47,90,0,Qualification for the Champions League group stage
2003–04,2,Chelsea,38,24,7,7,67,30,37,79,0,Qualification for the Champions League group stage
2003–04,3,Manchester United,38,23,6,9,64,35,29,75,0,Qualification for the Champions League third qualifying round
2003–04,4,Liverpool,38,16,12,10,55,37,18,60,0,Qualification for the Champions League third qualifying round
2003–04,5,Newcastle United,38,13,17,8,52,40,12,56,0,Qualification for the UEFA Cup first round
2003–04,6,Aston Villa,38,15,11,12,48,44,4,56,0,
2003–04,7,Charlton Athletic,38,14,11,13,51,51,0,53,0,
2003–04,8,Bolton Wanderers,38,14,11,13,48,56,-8,53,0,
2003–04,9,Fulham,38,14,10,14,52,46,6,52,0,
2003–04,10,Birmingham City,38,12,14,12,43,48,-5,50,0,
2003–04,11,Middlesbrough,38,13,9,16,44,52,-8,48,0,Qualification for the UEFA Cup first round
2003–04,12,Southampton,38,12,11,15,44,45,-1,47,0,
2003–04,13,Portsmouth,38,12,9,17,47,54,-7,45,0,
2003–04,14,Tottenham Hotspur,38,13,6,19,47,57,-10,45,0,
2003–04,15,Blackburn Rovers,38,12,8,18,51,59,-8,44,0,
2003–04,16,Manchester City,38,9,14,15,55,54,1,41,0,
2003–04,17,Everton,38,9,12,17,45,57,-12,39,0,
2003–04,18,Leicester City,38,6,15,17,48,65,-17,33,0,Relegation to the Football League Championship
2003–04,19,Leeds United,38,8,9,21,40,79,-39,33,0,Relegation to the Football League Championship
2003–04,20,Wolverhampton Wanderers,38,7,12,19,38,77,-39,33,0,Relegation to the Football League Championship
2004–05,1,Chelsea,38,29,8,1,72,15,57,95,0,Qualification for the Champions League group stage
2004–05,2,Arsenal,38,25,8,5,87,36,51,83,0,Qualification for the Champions League group stage
2004–05,3,Manchester United,38,22,11,5,58,26,32,77,0,Qualification for the Champions League third qualifying round
2004–05,4,Everton,38,18,7,13,45,46,-1,61,0,Qualification for the Champions League third qualifying round
2004–05,5,Liverpool,38,17,7,14,52,41,11,58,0,Qualification for the Champions League first qualifying round
2004–05,6,Bolton Wanderers,38,16,10,12,49,44,5,58,0,Qualification for the UEFA Cup first round
2004–05,7,Middlesbrough,38,14,13,11,53,46,7,55,0,Qualification for the UEFA Cup first round
2004–05,8,Manchester City,38,13,13,12,47,39,8,52,0,
2004–05,9,Tottenham Hotspur,38,14,10,14,47,41,6,52,0,
2004–05,10,Aston Villa,38,12,11,15,45,52,-7,47,0,
2004–05,11,Charlton Athletic,38,12,10,16,42,58,-16,46,0,
2004–05,12,Birmingham City,38,11,12,15,40,46,-6,45,0,
2004–05,13,Fulham,38,12,8,18,52,60,-8,44,0,
2004–05,14,Newcastle United,38,10,14,14,47,57,-10,44,0,Qualification for the Intertoto Cup third round
2004–05,15,Blackburn Rovers,38,9,15,14,32,43,-11,42,0,
2004–05,16,Portsmouth,38,10,9,19,43,59,-16,39,0,
2004–05,17,West Bromwich Albion,38,6,16,16,36,61,-25,34,0,
2004–05,18,Crystal Palace,38,7,12,19,41,62,-21,33,0,Relegation to the Football League Championship
2004–05,19,Norwich City,38,7,12,19,42,77,-35,33,0,Relegation to the Football League Championship
2004–05,20,Southampton,38,6,14,18,45,66,-21,32,0,Relegation to the Football League Championship
2005–06,1,Chelsea,38,29,4,5,72,22,50,91,0,Qualification for the Champions League group stage
2005–06,2,Manchester United,38,25,8,5,72,34,38,83,0,Qualification for the Champions League group stage
2005–06,3,Liverpool,38,25,7,6,57,25,32,82,0,Qualification for the Champions League third qualifying round
2005–06,4,Arsenal,38,20,7,11,68,31,37,67,0,Qualification for the Champions League third qualifying round
2005–06,5,Tottenham Hotspur,38,18,11,9,53,38,15,65,0,Qualification for the UEFA Cup first round
2005–06,6,Blackburn Rovers,38,19,6,13,51,42,9,63,0,Qualification for the UEFA Cup first round
2005–06,7,Newcastle United,38,17,7,14,47,42,5,58,0,Qualification for the Intertoto Cup third round
2005–06,8,Bolton Wanderers,38,15,11,12,49,41,8,56,0,
2005–06,9,West Ham United,38,16,7,15,52,55,-3,55,0,Qualification for the UEFA Cup first round
2005–06,10,Wigan Athletic,38,15,6,17,45,52,-7,51,0,
2005–06,11,Everton,38,14,8,16,34,49,-15,50,0,
2005–06,12,Fulham,38,14,6,18,48,58,-10,48,0,
2005–06,13,Charlton Athletic,38,13,8,17,41,55,-14,47,0,
2005–06,14,Middlesbrough,38,12,9,17,48,58,-10,45,0,
2005–06,15,Manchester City,38,13,4,21,43,48,-5,43,0,
2005–06,16,Aston Villa,38,10,12,16,42,55,-13,42,0,
2005–06,17,Portsmouth,38,10,8,20,37,62,-25,38,0,
2005–06,18,Birmingham City,38,8,10,20,28,50,-22,34,0,Relegation to the Football League Championship
2005–06,19,West Bromwich Albion,38,7,9,22,31,58,-27,30,0,Relegation to the Football League Championship
2005–06,20,Sunderland,38,3,6,29,26,69,-43,15,0,Relegation to the Football League Championship
2006–07,1,Manchester United,38,28,5,5,83,27,56,89,0,Qualification for the Champions League group stage
2006–07,2,Chelsea,38,24,11,3,64,24,40,83,0,Qualification for the Champions League group stage
2006–07,3,Liverpool,38,20,8,10,57,27,30,68,0,Qualification for the Champions League third qualifying round
2006–07,4,Arsenal,38,19,11,8,63,35,28,68,0,Qualification for the Champions League third qualifying round
2006–07,5,Tottenham Hotspur,38,17,9,12,57,54,3,60,0,Qualification for the UEFA Cup first round
2006–07,6,Everton,38,15,13,10,52,36,16,58,0,Qualification for the UEFA Cup first round
2006–07,7,Bolton Wanderers,38,16,8,14,47,52,-5,56,0,Qualification for the UEFA Cup first round
2006–07,8,Reading,38,16,7,15,52,47,5,55,0,
2006–07,9,Portsmouth,38,14,12,12,45,42,3,54,0,
2006–07,10,Blackburn Rovers,38,15,7,16,52,54,-2,52,0,Qualification for the Intertoto Cup third round
2006–07,11,Aston Villa,38,11,17,10,43,41,2,50,0,
2006–07,12,Middlesbrough,38,12,10,16,44,49,-5,46,0,
2006–07,13,Newcastle United,38,11,10,17,38,47,-9,43,0,
2006–07,14,Manchester City,38,11,9,18,29,44,-15,42,0,
2006–07,15,West Ham United,38,12,5,21,35,59,-24,41,0,
2006–07,16,Fulham,38,8,15,15,38,60,-22,39,0,
2006–07,17,Wigan Athletic,38,10,8,20,37,59,-22,38,0,
2006–07,18,Sheffield United,38,10,8,20,32,55,-23,38,0,Relegation to Football League Championship
2006–07,19,Charlton Athletic,38,8,10,20,34,60,-26,34,0,Relegation to Football League Championship
2006–07,20,Watford,38,5,13,20,29,59,-30,28,0,Relegation to Football League Championship
2007–08,1,Manchester United,38,27,6,5,80,22,58,87,0,Qualification for the Champions League group stage
2007–08,2,Chelsea,38,25,10,3,65,26,39,85,0,Qualification for the Champions League group stage
2007–08,3,Arsenal,38,24,11,3,74,31,43,83,0,Qualification for the Champions League third qualifying round
2007–08,4,Liverpool,38,21,13,4,67,28,39,76,0,Qualification for the Champions League third qualifying round
2007–08,5,Everton,38,19,8,11,55,33,22,65,0,Qualification for the UEFA Cup first round
2007–08,6,Aston Villa,38,16,12,10,71,51,20,60,0,Qualification for the Intertoto Cup third round
2007–08,7,Blackburn Rovers,38,15,13,10,50,48,2,58,0,
2007–08,8,Portsmouth,38,16,9,13,48,40,8,57,0,Qualification for the UEFA Cup first round
2007–08,9,Manchester City,38,15,10,13,45,53,-8,55,0,Qualification for the UEFA Cup first qualifying round
2007–08,10,West Ham United,38,13,10,15,42,50,-8,49,0,
2007–08,11,Tottenham Hotspur,38,11,13,14,66,61,5,46,0,Qualification for the UEFA Cup first round
2007–08,12,Newcastle United,38,11,10,17,45,65,-20,43,0,
2007–08,13,Middlesbrough,38,10,12,16,43,53,-10,42,0,
2007–08,14,Wigan Athletic,38,10,10,18,34,51,-17,40,0,
2007–08,15,Sunderland,38,11,6,21,36,59,-23,39,0,
2007–08,16,Bolton Wanderers,38,9,10,19,36,54,-18,37,0,
2007–08,17,Fulham,38,8,12,18,38,60,-22,36,0,
2007–08,18,Reading,38,10,6,22,41,66,-25,36,0,Relegation to Football League Championship
2007–08,19,Birmingham City,38,8,11,19,46,62,-16,35,0,Relegation to Football League Championship
2007–08,20,Derby County,38,1,8,29,20,89,-69,11,0,Relegation to Football League Championship
2008–09,1,Manchester United,38,28,6,4,68,24,44,90,0,Qualification for the Champions League group stage
2008–09,2,Liverpool,38,25,11,2,77,27,50,86,0,Qualification for the Champions League group stage
2008–09,3,Chelsea,38,25,8,5,68,24,44,83,0,Qualification for the Champions League group stage
2008–09,4,Arsenal,38,20,12,6,68,37,31,72,0,Qualification for the Champions League play-off round
2008–09,5,Everton,38,17,12,9,55,37,18,63,0,Qualification for the Europa League play-off round
2008–09,6,Aston Villa,38,17,11,10,54,48,6,62,0,Qualification for the Europa League play-off round
2008–09,7,Fulham,38,14,11,13,39,34,5,53,0,Qualification for the Europa League third qualifying round
2008–09,8,Tottenham Hotspur,38,14,9,15,45,45,0,51,0,
2008–09,9,West Ham United,38,14,9,15,42,45,-3,51,0,
2008–09,10,Manchester City,38,15,5,18,58,50,8,50,0,
2008–09,11,Wigan Athletic,38,12,9,17,34,45,-11,45,0,
2008–09,12,Stoke City,38,12,9,17,38,55,-17,45,0,
2008–09,13,Bolton Wanderers,38,11,8,19,41,53,-12,41,0,
2008–09,14,Portsmouth,38,10,11,17,38,57,-19,41,0,
2008–09,15,Blackburn Rovers,38,10,11,17,40,60,-20,41,0,
2008–09,16,Sunderland,38,9,9,20,34,54,-20,36,0,
2008–09,17,Hull City,38,8,11,19,39,64,-25,35,0,
2008–09,18,Newcastle United,38,7,13,18,40,59,-19,34,0,Relegation to Football League Championship
2008–09,19,Middlesbrough,38,7,11,20,28,57,-29,32,0,Relegation to Football League Championship
2008–09,20,West Bromwich Albion,38,8,8,22,36,67,-31,32,0,Relegation to Football League Championship
2009–10,1,Chelsea,38,27,5,6,103,32,71,86,0,Qualification for the Champions League group stage
2009–10,2,Manchester United,38,27,4,7,86,28,58,85,0,Qualification for the Champions League group stage
2009–10,3,Arsenal,38,23,6,9,83,41,42,75,0,Qualification for the Champions League group stage
2009–10,4,Tottenham Hotspur,38,21,7,10,67,41,26,70,0,Qualification for the Champions League play-off round
2009–10,5,Manchester City,38,18,13,7,73,45,28,67,0,Qualification for the Europa League play-off round
2009–10,6,Aston Villa,38,17,13,8,52,39,13,64,0,Qualification for the Europa League play-off round
2009–10,7,Liverpool,38,18,9,11,61,35,26,63,0,Qualification for the Europa League third qualifying round
2009–10,8,Everton,38,16,13,9,60,49,11,61,0,
2009–10,9,Birmingham City,38,13,11,14,38,47,-9,50,0,
2009–10,10,Blackburn Rovers,38,13,11,14,41,55,-14,50,0,
2009–10,11,Stoke City,38,11,14,13,34,48,-14,47,0,
2009–10,12,Fulham,38,12,10,16,39,46,-7,46,0,
2009–10,13,Sunderland,38,11,11,16,48,56,-8,44,0,
2009–10,14,Bolton Wanderers,38,10,9,19,42,67,-25,39,0,
2009–10,15,Wolverhampton Wanderers,38,9,11,18,32,56,-24,38,0,
2009–10,16,Wigan Athletic,38,9,9,20,37,79,-42,36,0,
2009–10,17,West Ham United,38,8,11,19,47,66,-19,35,0,
2009–10,18,Burnley,38,8,6,24,42,82,-40,30,0,Relegation to Football League Championship
2009–10,19,Hull City,38,6,12,20,34,75,-41,30,0,Relegation to Football League Championship
2009–10,20,Portsmouth,38,7,7,24,34,66,-32,19,9,Relegation to Football League Championship
2010–11,1,Manchester United,38,23,11,4,78,37,41,80,0,Qualification for the Champions League group stage
2010–11,2,Chelsea,38,21,8,9,69,33,36,71,0,Qualification for the Champions League group stage
2010–11,3,Manchester City,38,21,8,9,60,33,27,71,0,Qualification for the Champions League group stage
2010–11,4,Arsenal,38,19,11,8,72,43,29,68,0,Qualification for the Champions League play-off round
2010–11,5,Tottenham Hotspur,38,16,14,8,55,46,9,62,0,Qualification for the Europa League play-off round
2010–11,6,Liverpool,38,17,7,14,59,44,15,58,0,
2010–11,7,Everton,38,13,15,10,51,45,6,54,0,
2010–11,8,Fulham,38,11,16,11,49,43,6,49,0,Qualification for the Europa League first qualifying round
2010–11,9,Aston Villa,38,12,12,14,48,59,-11,48,0,
2010–11,10,Sunderland,38,12,11,15,45,56,-11,47,0,
2010–11,11,West Bromwich Albion,38,12,11,15,56,71,-15,47,0,
2010–11,12,Newcastle United,38,11,13,14,56,57,-1,46,0,
2010–11,13,Stoke City,38,13,7,18,46,48,-2,46,0,Qualification for the Europa League third qualifying round
2010–11,14,Bolton Wanderers,38,12,10,16,52,56,-4,46,0,
2010–11,15,Blackburn Rovers,38,11,10,17,46,59,-13,43,0,
2010–11,16,Wigan Athletic,38,9,15,14,40,61,-21,42,0,
2010–11,17,Wolverhampton Wanderers,38,11,7,20,46,66,-20,40,0,
2010–11,18,Birmingham City,38,8,15,15,37,58,-21,39,0,Qualification for the Europa League play-off round and relegation to Football League Championship
2010–11,19,Blackpool,38,10,9,19,55,78,-23,39,0,Relegation to Football League Championship
2010–11,20,West Ham United,38,7,12,19,43,70,-27,33,0,Relegation to Football League Championship
2011–12,1,Manchester City,38,28,5,5,93,29,64,89,0,Qualification for the Champions League group stage
2011–12,2,Manchester United,38,28,5,5,89,33,56,89,0,Qualification for the Champions League group stage
2011–12,3,Arsenal,38,21,7,10,74,49,25,70,0,Qualification for the Champions League group stage
2011–12,4,Tottenham Hotspur,38,20,9,9,66,41,25,69,0,Qualification for the Europa League group stage
2011–12,5,Newcastle United,38,19,8,11,56,51,5,65,0,Qualification for the Europa League play-off round
2011–12,6,Chelsea,38,18,10,10,65,46,19,64,0,Qualification for the Champions League group stage
2011–12,7,Everton,38,15,11,12,50,40,10,56,0,
2011–12,8,Liverpool,38,14,10,14,47,40,7,52,0,Qualification for the Europa League third qualifying round
2011–12,9,Fulham,38,14,10,14,48,51,-3,52,0,
2011–12,10,West Bromwich Albion,38,13,8,17,45,52,-7,47,0,
2011–12,11,Swansea City,38,12,11,15,44,51,-7,47,0,
2011–12,12,Norwich City,38,12,11,15,52,66,-14,47,0,
2011–12,13,Sunderland,38,11,12,15,45,46,-1,45,0,
2011–12,14,Stoke City,38,11,12,15,36,53,-17,45,0,
2011–12,15,Wigan Athletic,38,11,10,17,42,62,-20,43,0,
2011–12,16,Aston Villa,38,7,17,14,37,53,-16,38,0,
2011–12,17,Queens Park Rangers,38,10,7,21,43,66,-23,37,0,
2011–12,18,Bolton Wanderers,38,10,6,22,46,77,-31,36,0,Relegation to Football League Championship
2011–12,19,Blackburn Rovers,38,8,7,23,48,78,-30,31,0,Relegation to Football League Championship
2011–12,20,Wolverhampton Wanderers,38,5,10,23,40,82,-42,25,0,Relegation to Football League Championship
2012–13,1,Manchester United,38,28,5,5,86,43,43,89,0,Qualification for the Champions League group stage
2012–13,2,Manchester City,38,23,9,6,66,34,32,78,0,Qualification for the Champions League group stage
2012–13,3,Chelsea,38,22,9,7,75,39,36,75,0,Qualification for the Champions League group stage
2012–13,4,Arsenal,38,21,10,7,72,37,35,73,0,Qualification for the Champions League play-off round
2012–13,5,Tottenham Hotspur,38,21,9,8,66,46,20,72,0,Qualification for the Europa League play-off round
2012–13,6,Everton,38,16,15,7,55,40,15,63,0,
2012–13,7,Liverpool,38,16,13,9,71,43,28,61,0,
2012–13,8,West Bromwich Albion,38,14,7,17,53,57,-4,49,0,
2012–13,9,Swansea City,38,11,13,14,47,51,-4,46,0,Qualification for the Europa League third qualifying round
2012–13,10,West Ham United,38,12,10,16,45,53,-8,46,0,
2012–13,11,Norwich City,38,10,14,14,41,58,-17,44,0,
2012–13,12,Fulham,38,11,10,17,50,60,-10,43,0,
2012–13,13,Stoke City,38,9,15,14,34,45,-11,42,0,
2012–13,14,Southampton,38,9,14,15,49,60,-11,41,0,
2012–13,15,Aston Villa,38,10,11,17,47,69,-22,41,0,
2012–13,16,Newcastle United,38,11,8,19,45,68,-23,41,0,
2012–13,17,Sunderland,38,9,12,17,41,54,-13,39,0,
2012–13,18,Wigan Athletic,38,9,9,20,47,73,-26,36,0,Qualification for the Europa League group stage and relegation to Football League Championship
2012–13,19,Reading,38,6,10,22,43,73,-30,28,0,Relegation to Football League Championship
2012–13,20,Queens Park Rangers,38,4,13,21,30,60,-30,25,0,Relegation to Football League Championship
2013–14,1,Manchester City,38,27,5,6,102,37,65,86,0,Qualification for the Champions League group stage
2013–14,2,Liverpool,38,26,6,6,101,50,51,84,0,Qualification for the Champions League group stage
2013–14,3,Chelsea,38,25,7,6,71,27,44,82,0,Qualification for the Champions League group stage
2013–14,4,Arsenal,38,24,7,7,68,41,27,79,0,Qualification for the Champions League play-off round
2013–14,5,Everton,38,21,9,8,61,39,22,72,0,Qualification for the Europa League group stage
2013–14,6,Tottenham Hotspur,38,21,6,11,55,51,4,69,0,Qualification for the Europa League play-off round
2013–14,7,Manchester United,38,19,7,12,64,43,21,64,0,
2013–14,8,Southampton,38,15,11,12,54,46,8,56,0,
2013–14,9,Stoke City,38,13,11,14,45,52,-7,50,0,
2013–14,10,Newcastle United,38,15,4,19,43,59,-16,49,0,
2013–14,11,Crystal Palace,38,13,6,19,33,48,-15,45,0,
2013–14,12,Swansea City,38,11,9,18,54,54,0,42,0,
2013–14,13,West Ham United,38,11,7,20,40,51,-11,40,0,
2013–14,14,Sunderland,38,10,8,20,41,60,-19,38,0,
2013–14,15,Aston Villa,38,10,8,20,39,61,-22,38,0,
2013–14,16,Hull City,38,10,7,21,38,53,-15,37,0,Qualification for the Europa League third qualifying round
2013–14,17,West Bromwich Albion,38,7,15,16,43,59,-16,36,0,
2013–14,18,Norwich City,38,8,9,21,28,62,-34,33,0,Relegation to Football League Championship
2013–14,19,Fulham,38,9,5,24,40,85,-45,32,0,Relegation to Football League Championship
2013–14,20,Cardiff City,38,7,9,22,32,74,-42,30,0,Relegation to Football League Championship
2014–15,1,Chelsea,38,26,9,3,73,32,41,87,0,Qualification for the Champions League group stage
2014–15,2,Manchester City,38,24,7,7,83,38,45,79,0,Qualification for the Champions League group stage
2014–15,3,Arsenal,38,22,9,7,71,36,35,75,0,Qualification for the Champions League group stage
2014–15,4,Manchester United,38,20,10,8,62,37,25,70,0,Qualification for the Champions League play-off round
2014–15,5,Tottenham Hotspur,38,19,7,12,58,53,5,64,0,Qualification for the Europa League group stage
2014–15,6,Liverpool,38,18,8,12,52,48,4,62,0,Qualification for the Europa League group stage
2014–15,7,Southampton,38,18,6,14,54,33,21,60,0,Qualification for the Europa League third qualifying round
2014–15,8,Swansea City,38,16,8,14,46,49,-3,56,0,
2014–15,9,Stoke City,38,15,9,14,48,45,3,54,0,
2014–15,10,Crystal Palace,38,13,9,16,47,51,-4,48,0,
2014–15,11,Everton,38,12,11,15,48,50,-2,47,0,
2014–15,12,West Ham United,38,12,11,15,44,47,-3,47,0,Qualification for the Europa League first qualifying round
2014–15,13,West Bromwich Albion,38,11,11,16,38,51,-13,44,0,
2014–15,14,Leicester City,38,11,8,19,46,55,-9,41,0,
2014–15,15,Newcastle United,38,10,9,19,40,63,-23,39,0,
2014–15,16,Sunderland,38,7,17,14,31,53,-22,38,0,
2014–15,17,Aston Villa,38,10,8,20,31,57,-26,38,0,
2014–15,18,Hull City,38,8,11,19,33,51,-18,35,0,Relegation to Football League Championship
2014–15,19,Burnley,38,7,12,19,28,53,-25,33,0,Relegation to Football League Championship
2014–15,20,Queens Park Rangers,38,8,6,24,42,73,-31,30,0,Relegation to Football League Championship
2015–16,1,Leicester City,38,23,12,3,68,36,32,81,0,Qualification for the Champions League group stage
2015–16,2,Arsenal,38,20,11,7,65,36,29,71,0,Qualification for the Champions League group stage
2015–16,3,Tottenham Hotspur,38,19,13,6,69,35,34,70,0,Qualification for the Champions League group stage
2015–16,4,Manchester City,38,19,9,10,71,41,30,66,0,Qualification for the Champions League play-off round
2015–16,5,Manchester United,38,19,9,10,49,35,14,66,0,Qualification for the Europa League group stage
2015–16,6,Southampton,38,18,9,11,59,41,18,63,0,Qualification for the Europa League group stage
2015–16,7,West Ham United,38,16,14,8,65,51,14,62,0,Qualification for the Europa League third qualifying round
2015–16,8,Liverpool,38,16,12,10,63,50,13,60,0,
2015–16,9,Stoke City,38,14,9,15,41,55,-14,51,0,
2015–16,10,Chelsea,38,12,14,12,59,53,6,50,0,
2015–16,11,Everton,38,11,14,13,59,55,4,47,0,
2015–16,12,Swansea City,38,12,11,15,42,52,-10,47,0,
2015–16,13,Watford,38,12,9,17,40,50,-10,45,0,
2015–16,14,West Bromwich Albion,38,10,13,15,34,48,-14,43,0,
2015–16,15,Crystal Palace,38,11,9,18,39,51,-12,42,0,
2015–16,16,AFC Bournemouth,38,11,9,18,45,67,-22,42,0,
2015–16,17,Sunderland,38,9,12,17,48,62,-14,39,0,
2015–16,18,Newcastle United,38,9,10,19,44,65,-21,37,0,Relegation to EFL Championship
2015–16,19,Norwich City,38,9,7,22,39,67,-28,34,0,Relegation to EFL Championship
2015–16,20,Aston Villa,38,3,8,27,27,76,-49,17,0,Relegation to EFL Championship
2016–17,1,Chelsea,38,30,3,5,85,33,52,93,0,Qualification for the Champions League group stage
2016–17,2,Tottenham Hotspur,38,26,8,4,86,26,60,86,0,Qualification for the Champions League group stage
2016–17,3,Manchester City,38,23,9,6,80,39,41,78,0,Qualification for the Champions League group stage
2016–17,4,Liverpool,38,22,10,6,78,42,36,76,0,Qualification for the Champions League play-off round
2016–17,5,Arsenal,38,23,6,9,77,44,33,75,0,Qualification for the Europa League group stage
2016–17,6,Manchester United,38,18,15,5,54,29,25,69,0,Qualification for the Champions League group stage
2016–17,7,Everton,38,17,10,11,62,44,18,61,0,Qualification for the Europa League third qualifying round
2016–17,8,Southampton,38,12,10,16,41,48,-7,46,0,
2016–17,9,AFC Bournemouth,38,12,10,16,55,67,-12,46,0,
2016–17,10,West Bromwich Albion,38,12,9,17,43,51,-8,45,0,
2016–17,11,West Ham United,38,12,9,17,47,64,-17,45,0,
2016–17,12,Leicester City,38,12,8,18,48,63,-15,44,0,
2016–17,13,Stoke City,38,11,11,16,41,56,-15,44,0,
2016–17,14,Crystal Palace,38,12,5,21,50,63,-13,41,0,
2016–17,15,Swansea City,38,12,5,21,45,70,-25,41,0,
2016–17,16,Burnley,38,11,7,20,39,55,-16,40,0,
2016–17,17,Watford,38,11,7,20,40,68,-28,40,0,
2016–17,18,Hull City,38,9,7,22,37,80,-43,34,0,Relegation to EFL Championship
2016–17,19,Middlesbrough,38,5,13,20,27,53,-26,28,0,Relegation to EFL Championship
2016–17,20,Sunderland,38,6,6,26,29,69,-40,24,0,Relegation to EFL Championship
2017–18,1,Manchester City,38,32,4,2,106,27,79,100,0,Qualification for the Champions League group stage
2017–18,2,Manchester United,38,25,6,7,68,28,40,81,0,Qualification for the Champions League group stage
2017–18,3,Tottenham Hotspur,38,23,8,7,74,36,38,77,0,Qualification for the Champions League group stage
2017–18,4,Liverpool,38,21,12,5,84,38,46,75,0,Qualification for the Champions League group stage
2017–18,5,Chelsea,38,21,7,10,62,38,24,70,0,Qualification for the Europa League group stage
2017–18,6,Arsenal,38,19,6,13,74,51,23,63,0,Qualification for the Europa League group stage
2017–18,7,Burnley,38,14,12,12,36,39,-3,54,0,Qualification for the Europa League second qualifying round
2017–18,8,Everton,38,13,10,15,44,58,-14,49,0,
2017–18,9,Leicester City,38,12,11,15,56,60,-4,47,0,
2017–18,10,Newcastle United,38,12,8,18,39,47,-8,44,0,
2017–18,11,Crystal Palace,38,11,11,16,45,55,-10,44,0,
2017–18,12,AFC Bournemouth,38,11,11,16,45,61,-16,44,0,
2017–18,13,West Ham United,38,10,12,16,48,68,-20,42,0,
2017–18,14,Watford,38,11,8,19,44,64,-20,41,0,
2017–18,15,Brighton & Hove Albion,38,9,13,16,34,54,-20,40,0,
2017–18,16,Huddersfield Town,38,9,10,19,28,58,-30,37,0,
2017–18,17,Southampton,38,7,15,16,37,56,-19,36,0,
2017–18,18,Swansea City,38,8,9,21,28,56,-28,33,0,Relegation to EFL Championship
2017–18,19,Stoke City,38,7,12,19,35,68,-33,33,0,Relegation to EFL Championship
2017–18,20,West Bromwich Albion,38,6,13,19,31,56,-25,31,0,Relegation to EFL Championship
2018–19,1,Manchester City,38,32,2,4,95,23,72,98,0,Qualification to Champions League group stage
2018–19,2,Liverpool,38,30,7,1,89,22,67,97,0,Qualification to Champions League group stage
2018–19,3,Chelsea,38,21,9,8,63,39,24,72,0,Qualification to Champions League group stage
2018–19,4,Tottenham Hotspur,38,23,2,13,67,39,28,71,0,Qualification to Champions League group stage
2018–19,5,Arsenal,38,21,7,10,73,51,22,70,0,Qualification to Europa League group stage
2018–19,6,Manchester United,38,19,9,10,65,54,11,66,0,Qualification to Europa League group stage
2018–19,7,Wolverhampton Wanderers,38,16,9,13,47,46,1,57,0,Qualification to Europa League second qualifying round
2018–19,8,Everton,38,15,9,14,54,46,8,54,0,
2018–19,9,Leicester City,38,15,7,16,51,48,3,52,0,
2018–19,10,West Ham United,38,15,7,16,52,55,-3,52,0,
2018–19,11,Watford,38,14,8,16,52,59,-7,50,0,
2018–19,12,Crystal Palace,38,14,7,17,51,53,-2,49,0,
2018–19,13,Newcastle United,38,12,9,17,42,48,-6,45,0,
2018–19,14,AFC Bournemouth,38,13,6,19,56,70,-14,45,0,
2018–19,15,Burnley,38,11,7,20,45,68,-23,40,0,
2018–19,16,Southampton,38,9,12,17,45,65,-20,39,0,
2018–19,17,Brighton & Hove Albion,38,9,9,20,35,60,-25,36,0,
2018–19,18,Cardiff City,38,10,4,24,34,69,-35,34,0,Relegation to EFL Championship
2018–19,19,Fulham,38,7,5,26,34,81,-47,26,0,Relegation to EFL Championship
2018–19,20,Huddersfield Town,38,3,7,28,22,76,-54,16,0,Relegation to EFL Championship
2019–20,1,Liverpool,38,32,3,3,85,33,52,99,0,Qualification for the Champions League group stage
2019–20,2,Manchester City,38,26,3,9,102,35,67,81,0,Qualification for the Champions League group stage
2019–20,3,Manchester United,38,18,12,8,66,36,30,66,0,Qualification for the Champions League group stage
2019–20,4,Chelsea,38,20,6,12,69,54,15,66,0,Qualification for the Champions League group stage
2019–20,5,Leicester City,38,18,8,12,67,41,26,62,0,Qualification for the Europa League group stage
2019–20,6,Tottenham Hotspur,38,16,11,11,61,47,14,59,0,Qualification for the Europa League second qualifying round
2019–20,7,Wolverhampton Wanderers,38,15,14,9,51,40,11,59,0,
2019–20,8,Arsenal,38,14,14,10,56,48,8,56,0,Qualification for the Europa League group stage
2019–20,9,Sheffield United,38,14,12,12,39,39,0,54,0,
2019–20,10,Burnley,38,15,9,14,43,50,-7,54,0,
2019–20,11,Southampton,38,15,7,16,51,60,-9,52,0,
2019–20,12,Everton,38,13,10,15,44,56,-12,49,0,
2019–20,13,Newcastle United,38,11,11,16,38,58,-20,44,0,
2019–20,14,Crystal Palace,38,11,10,17,31,50,-19,43,0,
2019–20,15,Brighton & Hove Albion,38,9,14,15,39,54,-15,41,0,
2019–20,16,West Ham United,38,10,9,19,49,62,-13,39,0,
2019–20,17,Aston Villa,38,9,8,21,41,67,-26,35,0,
2019–20,18,AFC Bournemouth,38,9,7,22,40,65,-25,34,0,Relegation to EFL Championship
2019–20,19,Watford,38,8,10,20,36,64,-28,34,0,Relegation to EFL Championship
2019–20,20,Norwich City,38,5,6,27,26,75,-49,21,0,Relegation to EFL Championship
2020–21,1,Manchester City,38,27,5,6,83,32,51,86,0,Qualification for the Champions League group stage
2020–21,2,Manchester United,38,21,11,6,73,44,29,74,0,Qualification for the Champions League group stage
2020–21,3,Liverpool,38,20,9,9,68,42,26,69,0,Qualification for the Champions League group stage
2020–21,4,Chelsea,38,19,10,9,58,36,22,67,0,Qualification for the Champions League group stage
2020–21,5,Leicester City,38,20,6,12,68,50,18,66,0,Qualification for the Europa League group stage
2020–21,6,West Ham United,38,19,8,11,62,47,15,65,0,Qualification for the Europa League group stage
2020–21,7,Tottenham Hotspur,38,18,8,12,68,45,23,62,0,Qualification for the Europa Conference League play-off round
2020–21,8,Arsenal,38,18,7,13,55,39,16,61,0,
2020–21,9,Leeds United,38,18,5,15,62,54,8,59,0,
2020–21,10,Everton,38,17,8,13,47,48,-1,59,0,
2020–21,11,Aston Villa,38,16,7,15,55,46,9,55,0,
2020–21,12,Newcastle United,38,12,9,17,46,62,-16,45,0,
2020–21,13,Wolverhampton Wanderers,38,12,9,17,36,52,-16,45,0,
2020–21,14,Crystal Palace,38,12,8,18,41,66,-25,44,0,
2020–21,15,Southampton,38,12,7,19,47,68,-21,43,0,
2020–21,16,Brighton & Hove Albion,38,9,14,15,40,46,-6,41,0,
2020–21,17,Burnley,38,10,9,19,33,55,-22,39,0,
2020–21,18,Fulham,38,5,13,20,27,53,-26,28,0,Relegation to EFL Championship
2020–21,19,West Bromwich Albion,38,5,11,22,35,76,-41,26,0,Relegation to EFL Championship
2020–21,20,Sheffield United,38,7,2,29,20,63,-43,23,0,Relegation to EFL Championship
2021–22,1,Manchester City,38,29,6,3,99,26,73,93,0,Qualification for the Champions League group stage
2021–22,2,Liverpool,38,28,8,2,94,26,68,92,0,Qualification for the Champions League group stage
2021–22,3,Chelsea,38,21,11,6,76,33,43,74,0,Qualification for the Champions League group stage
2021–22,4,Tottenham Hotspur,38,22,5,11,69,40,29,71,0,Qualification for the Champions League group stage
2021–22,5,Arsenal,38,22,3,13,61,48,13,69,0,Qualification for the Europa League group stage
2021–22,6,Manchester United,38,16,10,12,57,57,0,58,0,Qualification for the Europa League group stage
2021–22,7,West Ham United,38,16,8,14,60,51,9,56,0,Qualification for the Europa Conference League play-off round
2021–22,8,Leicester City,38,14,10,14,62,59,3,52,0,
2021–22,9,Brighton & Hove Albion,38,12,15,11,42,44,-2,51,0,
2021–22,10,Wolverhampton Wanderers,38,15,6,17,38,43,-5,51,0,
2021–22,11,Newcastle United,38,13,10,15,44,62,-18,49,0,
2021–22,12,Crystal Palace,38,11,15,12,50,46,4,48,0,
2021–22,13,Brentford,38,13,7,18,48,56,-8,46,0,
2021–22,14,Aston Villa,38,13,6,19,52,54,-2,45,0,
2021–22,15,Southampton,38,9,13,16,43,67,-24,40,0,
2021–22,16,Everton,38,11,6,21,43,66,-23,39,0,
2021–22,17,Leeds United,38,9,11,18,42,79,-37,38,0,
2021–22,18,Burnley,38,7,14,17,34,53,-19,35,0,Relegation to EFL Championship
2021–22,19,Watford,38,6,5,27,34,77,-43,23,0,Relegation to EFL Championship
2021–22,20,Norwich City,38,5,7,26,23,84,-61,22,0,Relegation to EFL Championship
2022–23,1,Manchester City,38,28,5,5,94,33,61,89,0,Qualification to Champions League group stage
2022–23,2,Arsenal,38,26,6,6,88,43,45,84,0,Qualification to Champions League group stage
2022–23,3,Manchester United,38,23,6,9,58,43,15,75,0,Qualification to Champions League group stage
2022–23,4,Newcastle United,38,19,14,5,68,33,35,71,0,Qualification to Champions League group stage
2022–23,5,Liverpool,38,19,10,9,75,47,28,67,0,Qualification to Europa League group stage
2022–23,6,Brighton & Hove Albion,38,18,8,12,72,53,19,62,0,Qualification to Europa League group stage
2022–23,7,Aston Villa,38,18,7,13,51,46,5,61,0,Qualification to Europa Conference League play-off round
2022–23,8,Tottenham Hotspur,38,18,6,14,70,63,7,60,0,
2022–23,9,Brentford,38,15,14,9,58,46,12,59,0,
2022–23,10,Fulham,38,15,7,16,55,53,2,52,0,
2022–23,11,Crystal Palace,38,11,12,15,40,49,-9,45,0,
2022–23,12,Chelsea,38,11,11,16,38,47,-9,44,0,
2022–23,13,Wolverhampton Wanderers,38,11,8,19,31,58,-27,41,0,
2022–23,14,West Ham United,38,11,7,20,42,55,-13,40,0,Qualification to Europa League group stage
2022–23,15,AFC Bournemouth,38,11,6,21,37,71,-34,39,0,
2022–23,16,Nottingham Forest,38,9,11,18,38,68,-30,38,0,
2022–23,17,Everton,38,8,12,18,34,57,-23,36,0,
2022–23,18,Leicester City,38,9,7,22,51,68,-17,34,0,Relegation to EFL Championship
2022–23,19,Leeds United,38,7,10,21,48,78,-30,31,0,Relegation to EFL Championship
2022–23,20,Southampton,38,6,7,25,36,73,-37,25,0,Relegation to EFL Championship
2023–24,1,Manchester City,38,28,7,3,96,34,62,91,0,Qualification for the Champions League league phase
2023–24,2,Arsenal,38,28,5,5,91,29,62,89,0,Qualification for the Champions League league phase
2023–24,3,Liverpool,38,24,10,4,86,41,45,82,0,Qualification for the Champions League league phase
2023–24,4,Aston Villa,38,20,8,10,76,61,15,68,0,Qualification for the Champions League league phase
2023–24,5,Tottenham Hotspur,38,20,6,12,74,61,13,66,0,Qualification for the Europa League league phase
2023–24,6,Chelsea,38,18,9,11,77,63,14,63,0,Qualification for the Conference League play-off round
2023–24,7,Newcastle United,38,18,6,14,85,62,23,60,0,
2023–24,8,Manchester United,38,18,6,14,57,58,-1,60,0,Qualification for the Europa League league phase
2023–24,9,West Ham United,38,14,10,14,60,74,-14,52,0,
2023–24,10,Crystal Palace,38,13,10,15,57,58,-1,49,0,
2023–24,11,Brighton & Hove Albion,38,12,12,14,55,62,-7,48,0,
2023–24,12,AFC Bournemouth,38,13,9,16,54,67,-13,48,0,
2023–24,13,Fulham,38,13,8,17,55,61,-6,47,0,
2023–24,14,Wolverhampton Wanderers,38,13,7,18,50,65,-15,46,0,
2023–24,15,Everton,38,13,9,16,40,51,-11,40,8,
2023–24,16,Brentford,38,10,9,19,56,65,-9,39,0,
2023–24,17,Nottingham Forest,38,9,9,20,49,67,-18,32,4,
2023–24,18,Luton Town,38,6,8,24,52,85,-33,26,0,Relegation to EFL Championship
2023–24,19,Burnley,38,5,9,24,41,78,-37,24,0,Relegation to EFL Championship
2023–24,20,Sheffield United,38,3,7,28,35,104,-69,16,0,Relegation to EFL Championship
2024–25,1,Liverpool,38,25,9,4,86,41,45,84,0,Qualification for the Champions League league phase
2024–25,2,Arsenal,38,20,14,4,69,34,35,74,0,Qualification for the Champions League league phase
2024–25,3,Manchester City,38,21,8,9,72,44,28,71,0,Qualification for the Champions League league phase
2024–25,4,Chelsea,38,20,9,9,64,43,21,69,0,Qualification for the Champions League league phase
2024–25,5,Newcastle United,38,20,6,12,68,47,21,66,0,Qualification for the Champions League league phase
2024–25,6,Aston Villa,38,19,9,10,58,51,7,66,0,Qualification for the Europa League league phase
2024–25,7,Nottingham Forest,38,19,8,11,58,46,12,65,0,Qualification for the Europa League league phase
2024–25,8,Brighton & Hove Albion,38,16,13,9,66,59,7,61,0,
2024–25,9,AFC Bournemouth,38,15,11,12,58,46,12,56,0,
2024–25,10,Brentford,38,16,8,14,66,57,9,56,0,
2024–25,11,Fulham,38,15,9,14,54,54,0,54,0,
2024–25,12,Crystal Palace,38,13,14,11,51,51,0,53,0,Qualification for the Conference League play-off round
2024–25,13,Everton,38,11,15,12,42,44,-2,48,0,
2024–25,14,West Ham United,38,11,10,17,46,62,-16,43,0,
2024–25,15,Manchester United,38,11,9,18,44,54,-10,42,0,
2024–25,16,Wolverhampton Wanderers,38,12,6,20,54,69,-15,42,0,
2024–25,17,Tottenham Hotspur,38,11,5,22,64,65,-1,38,0,Qualification for the Champions League league phase
2024–25,18,Leicester City,38,6,7,25,33,80,-47,25,0,Relegation to EFL Championship
2024–25,19,Ipswich Town,38,4,10,24,36,82,-46,22,0,Relegation to EFL Championship
2024–25,20,Southampton,38,2,6,30,26,86,-60,12,0,Relegation to EFL Championship
2025–26,1,Arsenal,38,26,7,5,71,27,44,85,0,Qualification for the Champions League league phase
2025–26,2,Manchester City,38,23,9,6,77,35,42,78,0,Qualification for the Champions League league phase
2025–26,3,Manchester United,38,20,11,7,69,50,19,71,0,Qualification for the Champions League league phase
2025–26,4,Aston Villa,38,19,8,11,56,49,7,65,0,Qualification for the Champions League league phase
2025–26,5,Liverpool,38,17,9,12,63,53,10,60,0,Qualification for the Champions League league phase
2025–26,6,AFC Bournemouth,38,13,18,7,58,54,4,57,0,Qualification for the Europa League league phase
2025–26,7,Sunderland,38,14,12,12,42,48,-6,54,0,Qualification for the Europa League league phase
2025–26,8,Brighton & Hove Albion,38,14,11,13,52,46,6,53,0,Qualification for the Conference League play-off round
2025–26,9,Brentford,38,14,11,13,55,52,3,53,0,
2025–26,10,Chelsea,38,14,10,14,58,52,6,52,0,
2025–26,11,Fulham,38,15,7,16,47,51,-4,52,0,
2025–26,12,Newcastle United,38,14,7,17,53,55,-2,49,0,
2025–26,13,Everton,38,13,10,15,47,50,-3,49,0,
2025–26,14,Leeds United,38,11,14,13,49,56,-7,47,0,
2025–26,15,Crystal Palace,38,11,12,15,41,51,-10,45,0,Qualification for the Europa League league phase
2025–26,16,Nottingham Forest,38,11,11,16,48,51,-3,44,0,
2025–26,17,Tottenham Hotspur,38,10,11,17,48,57,-9,41,0,
2025–26,18,West Ham United,38,10,9,19,46,65,-19,39,0,Relegation to EFL Championship
2025–26,19,Burnley,38,4,10,24,38,75,-37,22,0,Relegation to EFL Championship
2025–26,20,Wolverhampton Wanderers,38,3,11,24,27,68,-41,20,0,Relegation to EFL Championship
